"ROWNUM","Name","PortionName","Type","Width","BeginCoords","EndCoords","Location","DepartamentalAffiliation","OperOrgName","ObjectOperOrgPhone","Track","GLOBALID"
"1","Велосипедная дорожка «Парк «Музеон» - Парк «Победы»","Участок «Парк «Музеон» - улица Улофа Пальме»","велосипедная дорожка совмещенная с пешеходными, двухстороннего движения","3","37.509731,55.7197","37.600235,55.733482","Парк «Музеон» - Пушкинская набережная - Андреевская набережная - Воробьёвская набережная - Воробьёвское шоссе - Мосфильмовская улица - улица Улофа Пальме","Префектура Центрального административного округа города Москвы","Префектура Центрального административного округа города Москвы","(495) 777-28-00","37.509731,55.7197; 37.509731,55.7197; 37.509727,55.7197; 37.509815,55.719616; 37.509857,55.71954; 37.509876,55.719467; 37.509876,55.719376; 37.50983,55.719269; 37.509785,55.719189; 37.510002,55.719086; 37.510284,55.71900599999999; 37.510891,55.719349; 37.512402,55.718472; 37.516697,55.716713; 37.517258,55.7164; 37.525127,55.720886; 37.525791,55.721279; 37.527962,55.722481; 37.53368,55.72571200000001; 37.533371,55.72591; 37.533615,55.72604; 37.533737,55.726063; 37.535599,55.72686; 37.535999,55.72662; 37.536232,55.726772; 37.536499,55.726894; 37.536861,55.727051; 37.537197,55.7272; 37.538013,55.727516; 37.538891,55.72776400000001; 37.539787,55.72794; 37.541142,55.7281; 37.541306,55.72802; 37.541851,55.727772; 37.542236,55.727604; 37.542343,55.727482; 37.54237,55.727413; 37.542358,55.727352; 37.542294,55.727226; 37.541641,55.726334; 37.541138,55.725689; 37.54063,55.725037; 37.540329,55.724579; 37.540092,55.72411; 37.539989,55.723869; 37.539619,55.722927; 37.539291,55.721367; 37.539253,55.72067299999999; 37.53923,55.719841; 37.539307,55.71906700000001; 37.539497,55.71830000000001; 37.539688,55.717636; 37.540089,55.716702; 37.540447,55.715851; 37.540703,55.71543500000001; 37.540829,55.715233; 37.540989,55.715019; 37.541885,55.714203; 37.542934,55.713467; 37.543724,55.712978; 37.544529,55.71251699999999; 37.546501,55.711533; 37.547306,55.711147; 37.548222,55.710777; 37.54958,55.710289; 37.550468,55.71009099999999; 37.553074,55.709782; 37.558281,55.709469; 37.563072,55.709583; 37.565315,55.70988799999999; 37.567448,55.710293; 37.57251,55.71149800000001; 37.575661,55.71239900000001; 37.579369,55.71403100000001; 37.580879,55.714828; 37.581951,55.71522900000001; 37.584179,55.716881; 37.586311,55.718571; 37.587059,55.71891000000001; 37.587254,55.71921200000001; 37.587318,55.719456; 37.588879,55.720642; 37.589718,55.721245; 37.590313,55.721855; 37.591843,55.722923; 37.592262,55.723152; 37.5928,55.723644; 37.5933,55.724159; 37.596298,55.727852; 37.596954,55.72917900000001; 37.597698,55.730492; 37.597946,55.730946; 37.597961,55.73114799999999; 37.599041,55.732353; 37.599384,55.732708; 37.599728,55.732758; 37.599766,55.732986; 37.600235,55.733482","89098810"
"2","Велосипедная дорожка «Парк «Музеон» - Парк «Победы»","Участок «Фрунзенская набережная - улица Лужники»","велосипедная дорожка совмещенная с пешеходными, двухстороннего движения","3","37.597179,55.733921","37.545685,55.725941","Фрунзенская набережная - Лужнецкая набережная - улица Лужники","Префектура Центрального административного округа города Москвы","Префектура Центрального административного округа города Москвы","(495) 777-28-00","37.597179,55.733921; 37.595341,55.732052; 37.593391,55.729511; 37.591591,55.726929; 37.590889,55.72612; 37.590061,55.725368; 37.585602,55.721081; 37.583672,55.719379; 37.58239,55.718361; 37.58102,55.7174; 37.578861,55.716068; 37.576801,55.714851; 37.575459,55.71423; 37.574131,55.71371800000001; 37.572769,55.713261; 37.571369,55.71284099999999; 37.570332,55.712582; 37.56937,55.71237200000001; 37.565189,55.714729; 37.549171,55.72403299999999; 37.549015,55.724171; 37.547363,55.725941; 37.545685,55.725941","89098811"
"3","Велосипедная дорожка «Парк «Музеон» - Парк «Победы»","Участок «Минская улица - Парк «Победы»","велосипедная дорожка совмещенная с пешеходными, двухстороннего движения","3","37.500931,55.720268","37.495914,55.727482","Минская улица - Парк «Победы»","Префектура Центрального административного округа города Москвы","Префектура Центрального административного округа города Москвы","(495) 777-28-00","37.500931,55.720268; 37.500431,55.72103900000001; 37.499088,55.72253; 37.498951,55.72261799999999; 37.49826,55.723461; 37.494911,55.727161; 37.49511,55.72718; 37.495914,55.727482","89098812"
"4","Велосипедная дорожка в Природном заказнике «Долина реки Сетунь»",,"велосипедная дорожка совмещенная с пешеходными, одностороннего движения","1.5","37.500988,55.720242","37.501408,55.720280","Природный заказник «Долина реки Сетунь» между Минской улицей и улицей Улофа Пальме","Департамент природопользования и охраны окружающей среды города Москвы","ГПБУ «Управление ООПТ по ЗАО»","(499) 726-15-85","37.500988,55.720242; 37.501186,55.720253; 37.501408,55.720280; 37.501640,55.720284; 37.501869,55.720299; 37.502254,55.720375; 37.502560,55.720455; 37.502899,55.720509; 37.503086,55.720535; 37.503399,55.720661; 37.503639,55.720715; 37.504074,55.720772; 37.504501,55.720783; 37.505054,55.720898; 37.505276,55.720860; 37.505573,55.720558; 37.506069,55.720505; 37.507027,55.720375; 37.507290,55.720222; 37.507671,55.720131; 37.507923,55.720039; 37.508202,55.719936; 37.508347,55.719807; 37.508446,55.719692; 37.508499,55.719570; 37.508598,55.719315; 37.508595,55.719223; 37.508568,55.719055; 37.508465,55.718876; 37.508190,55.718678; 37.507946,55.718468; 37.507484,55.718227; 37.506721,55.717896; 37.506168,55.717716; 37.505924,55.717686; 37.505531,55.717770; 37.504951,55.717987; 37.504539,55.718224; 37.504368,55.718292; 37.504261,55.718338; 37.504040,55.718426; 37.503864,55.718472; 37.503616,55.718533; 37.503628,55.718529; 37.503170,55.718708; 37.502647,55.718971; 37.502148,55.719273; 37.501831,55.719536; 37.501476,55.719818; 37.501392,55.719879; 37.501282,55.719955; 37.501263,55.720112; 37.501396,55.720284; 37.501408,55.720280","89098813"
"5","Велосипедная дорожка «Беляево - Чертаново»",,"велосипедная дорожка совмещенная с пешеходными, двухстороннего движения","3","37.526913,55.64263900000001","37.604752,55.64080400000001","улица Миклухо-Маклая - Битцевский лес - микрорайон Северное Чертаново","Департамент природопользования и охраны окружающей среды города Москвы","ГПБУ «Управление ООПТ по ЮЗАО и ЦАО»","(499) 739-27-08","37.526913,55.64263900000001; 37.537964,55.639679; 37.53837731460118,55.63984116964689; 37.5386293559548,55.63976471062944; 37.53868376046149,55.63949943349052; 37.54361,55.638195; 37.54422,55.63830899999999; 37.54483,55.638138; 37.545582,55.637691; 37.546654,55.63736; 37.54847,55.636833; 37.549648,55.636574; 37.553242,55.635616; 37.554722,55.635265; 37.555882,55.634876; 37.557018,55.634342; 37.557919,55.63392999999999; 37.5588,55.633568; 37.559139,55.633446; 37.560234,55.633228; 37.561138,55.633156; 37.564163,55.632381; 37.565086,55.632175; 37.565773,55.632114; 37.56646,55.632198; 37.566975,55.632271; 37.568668,55.632454; 37.569828,55.632465; 37.572166,55.632431; 37.574783,55.632393; 37.5756,55.632404; 37.576092,55.63252599999999; 37.57708,55.63274400000001; 37.579201,55.63247699999999; 37.581562,55.63192; 37.583794,55.63145800000001; 37.584633,55.631424; 37.585018,55.631775; 37.586372,55.632008; 37.586735,55.63269399999999; 37.587788,55.63279300000001; 37.587978,55.633411; 37.589783,55.63829; 37.590275,55.639019; 37.590813,55.639454; 37.591221,55.639732; 37.592358,55.640156; 37.593086,55.640373; 37.593601,55.640556; 37.594204,55.640617; 37.594772,55.640682; 37.595577,55.640648; 37.596985,55.64056; 37.598282,55.640461; 37.598808,55.640373; 37.599182,55.640308; 37.601597,55.639599; 37.601917,55.639454; 37.60207,55.63931699999999; 37.6022,55.63910300000001; 37.602509,55.638382; 37.604557,55.63932000000001; 37.60471,55.639404; 37.604538,55.639549; 37.604805,55.640236; 37.604717,55.640816; 37.604717,55.640816; 37.604717,55.640816; 37.60474,55.64080400000001; 37.60474,55.64080400000001; 37.60474,55.64080400000001; 37.604729,55.640774; 37.604752,55.64080400000001","89098814"
"6","Велосипедная дорожка «Марьино - Капотня»",,"велосипедная дорожка совмещенная с пешеходными, двухстороннего движения","3","37.744205,55.647156","37.795784,55.642021","Люблинская улица - Парк 850-летия Москвы - Проектируемый проезд № 5467","Департамент жилищно-коммунального хозяйства и благоустройства города Москвы; Префектура Восточного административного округа города Москвы","ГБУ города Москвы «Дирекция Парка 850-летия Москвы», Префектура Юго-Восточного административного округа","(495) 657-45-12; (495) 777-28-03","37.744205,55.647156; 37.744167,55.64725899999999; 37.74398,55.64724; 37.744034,55.647133; 37.744194,55.64715999999999; 37.744202,55.647156; 37.74419,55.64711; 37.74448,55.646214; 37.745277,55.644173; 37.745182,55.643784; 37.745232,55.64364599999999; 37.744789,55.643616; 37.744854,55.64336400000001; 37.744957,55.643063; 37.745434,55.642612; 37.745762,55.642349; 37.745838,55.642204; 37.745956,55.641842; 37.745995,55.641758; 37.746136,55.641731; 37.746353,55.641735; 37.746544,55.64169299999999; 37.746658,55.641602; 37.746803,55.641212; 37.74699,55.64122400000001; 37.747715,55.64135; 37.747681,55.641407; 37.747673,55.641403; 37.747513,55.64182300000001; 37.747562,55.641941; 37.747646,55.642059; 37.747715,55.642155; 37.747807,55.64219700000001; 37.747967,55.642262; 37.748154,55.642319; 37.748287,55.642338; 37.748493,55.642349; 37.74884,55.642357; 37.749142,55.64235300000001; 37.74966,55.642349; 37.749931,55.642368; 37.750172,55.64247099999999; 37.75042,55.64253200000001; 37.750671,55.64253200000001; 37.750847,55.64249; 37.751133,55.642448; 37.751404,55.642448; 37.751652,55.642498; 37.752327,55.642651; 37.752651,55.642757; 37.752731,55.642799; 37.752972,55.64289099999999; 37.753239,55.642982; 37.753578,55.643101; 37.753761,55.64321499999999; 37.75386,55.643356; 37.753918,55.643478; 37.75412,55.643513; 37.75425,55.643574; 37.754463,55.64365800000001; 37.754662,55.643692; 37.754883,55.643715; 37.755333,55.643703; 37.755524,55.643688; 37.755802,55.643692; 37.756008,55.64373; 37.75631,55.64391300000001; 37.756668,55.644131; 37.756893,55.644352; 37.75716,55.644634; 37.757458,55.644802; 37.757816,55.64489399999999; 37.75861,55.645054; 37.759216,55.645142; 37.75948,55.64522899999999; 37.760014,55.6455; 37.760788,55.646049; 37.760944,55.64608; 37.7612,55.64612999999999; 37.761501,55.646168; 37.761723,55.646175; 37.762543,55.64619100000001; 37.762718,55.646194; 37.762756,55.64624000000001; 37.762714,55.646282; 37.762581,55.646332; 37.76247,55.646282; 37.762493,55.646225; 37.762665,55.64617899999999; 37.762932,55.646225; 37.763123,55.646381; 37.763191,55.646591; 37.763336,55.646667; 37.763718,55.646755; 37.764,55.646816; 37.764645,55.64695399999999; 37.764893,55.647038; 37.765148,55.647251; 37.765434,55.647564; 37.765663,55.64764400000001; 37.766178,55.647728; 37.766388,55.647804; 37.766743,55.64796800000001; 37.766899,55.648029; 37.767078,55.648052; 37.767429,55.648087; 37.768101,55.64812500000001; 37.768444,55.64812500000001; 37.768806,55.648102; 37.769238,55.648132; 37.770298,55.648186; 37.770782,55.64819; 37.770985,55.648228; 37.771866,55.648579; 37.772648,55.648865; 37.773239,55.649136; 37.773464,55.649261; 37.773708,55.64931099999999; 37.773979,55.64933400000001; 37.7756,55.649292; 37.775974,55.64931099999999; 37.7771,55.64954; 37.777767,55.64969299999999; 37.778419,55.64998200000001; 37.778797,55.650154; 37.779076,55.650211; 37.779556,55.650249; 37.780148,55.65036400000001; 37.78091,55.650444; 37.781254,55.65050899999999; 37.781609,55.650639; 37.782112,55.65072299999999; 37.782681,55.650818; 37.783108,55.650879; 37.783474,55.650879; 37.783958,55.650818; 37.784256,55.650799; 37.784824,55.65078700000001; 37.785255,55.650879; 37.785839,55.65100100000001; 37.786198,55.651073; 37.786568,55.651115; 37.786812,55.65115; 37.787392,55.651291; 37.787956,55.651272; 37.788258,55.651466; 37.788754,55.65198500000001; 37.788967,55.652283; 37.789181,55.65245400000001; 37.789642,55.652599; 37.789986,55.65263; 37.79018,55.65261100000001; 37.790279,55.65251500000001; 37.79023,55.652431; 37.790127,55.65229800000001; 37.789917,55.652142; 37.789715,55.651978; 37.789494,55.651779; 37.789333,55.65154999999999; 37.78915,55.651299; 37.789062,55.651024; 37.788673,55.65078700000001; 37.788624,55.65059700000001; 37.788715,55.650345; 37.78886,55.65015; 37.788918,55.649956; 37.788845,55.649517; 37.78886,55.64937200000001; 37.788818,55.649158; 37.78878,55.648872; 37.788715,55.64846799999999; 37.788654,55.647926; 37.788609,55.647675; 37.788612,55.646538; 37.788544,55.64590500000001; 37.788437,55.645302; 37.788349,55.644756; 37.788311,55.644386; 37.788269,55.643978; 37.788185,55.64344400000001; 37.788109,55.643181; 37.788029,55.642864; 37.788006,55.64269599999999; 37.788059,55.642593; 37.788132,55.64250899999999; 37.788231,55.642426; 37.788357,55.64239899999999; 37.78878,55.642368; 37.789928,55.642338; 37.790989,55.642307; 37.792637,55.64225399999999; 37.793678,55.642223; 37.793842,55.642181; 37.794094,55.642162; 37.794224,55.64217; 37.794498,55.642143; 37.794838,55.642113; 37.795898,55.642006; 37.795967,55.641983; 37.795967,55.641945; 37.795944,55.641918; 37.795895,55.64193; 37.795872,55.641972; 37.795818,55.64201; 37.795765,55.642014; 37.795765,55.642014; 37.795765,55.642014; 37.795773,55.64201; 37.795765,55.642014; 37.795773,55.64201; 37.795765,55.642014; 37.795765,55.64201; 37.795765,55.64201; 37.795765,55.64201; 37.795765,55.64201; 37.795773,55.64201; 37.795773,55.64201; 37.795773,55.64201; 37.795773,55.64201; 37.795773,55.64201; 37.795773,55.64201; 37.795773,55.64201; 37.795773,55.64201; 37.795773,55.64201; 37.795773,55.64201; 37.795773,55.64201; 37.795773,55.64201; 37.795773,55.64201; 37.795773,55.64201; 37.795773,55.64201; 37.795773,55.64201; 37.795773,55.64201; 37.795773,55.64201; 37.795773,55.64201; 37.795784,55.642017; 37.795784,55.642017; 37.795784,55.642017; 37.79578,55.642017; 37.79578,55.642017; 37.79578,55.642017; 37.79578,55.642017; 37.79578,55.642017; 37.79578,55.642017; 37.79578,55.642017; 37.79578,55.642017; 37.79578,55.642017; 37.79578,55.642017; 37.79578,55.642017; 37.79578,55.642017; 37.79578,55.642017; 37.79578,55.642017; 37.79578,55.642017; 37.79578,55.642017; 37.795784,55.642021","89098815"
"7","Велосипедная дорожка «Лужнецкая набережная»",,"велосипедная дорожка совмещенная с пешеходными, двухстороннего движения","2","37.569046,55.712261","37.545410,55.726131","Лужнецкая набережная","Департамент жилищно-коммунального хозяйства и благоустройства города Москвы","ГКУ «ДЖКХиБ ЦАО»","(495) 609-12-24","37.569046,55.712261; 37.566414,55.711697; 37.564075,55.711349; 37.560848,55.711124; 37.559475,55.711109; 37.556953,55.711266; 37.555614,55.711441; 37.554413,55.711636; 37.552975,55.711987; 37.551365,55.712479; 37.550076,55.713005; 37.550014,55.713177; 37.548973,55.713688; 37.548637,55.713707; 37.547157,55.714619; 37.546955,55.714752; 37.545742,55.715607; 37.544701,55.716476; 37.543854,55.717304; 37.543865,55.717316; 37.542900,55.718754; 37.542557,55.719791; 37.542427,55.720428; 37.542374,55.720863; 37.542351,55.721382; 37.542587,55.722565; 37.542866,55.723316; 37.543575,55.724567; 37.544231,55.725353; 37.545174,55.726109; 37.545410,55.726131","89098816"
"8","Велосипедная дорожка между Шипиловским проездом и Каширским шоссе","Участок вдоль Шипиловского проезда","велосипедная дорожка совмещенная с пешеходными, одностороннего движения","1.5","37.695915,55.634731","37.693062,55.629726","Шипиловский проезд - Каширское шоссе","Департамент жилищно-коммунального хозяйства и благоустройства города Москвы","ГКУ «Мосзеленхоз»","(495) 621-88-68","37.695915,55.634731; 37.695702,55.634209; 37.694412,55.632259; 37.693512,55.630890; 37.693062,55.629726","89098817"
"9","Велосипедная дорожка между Шипиловским проездом и Каширским шоссе","Участок «Шипиловский проезд - Каширское шоссе»","велосипедная дорожка совмещенная с пешеходными, одностороннего движения","1.5","37.694241,55.631962","37.700806,55.633392","Шипиловский проезд - Каширское шоссе","Департамент жилищно-коммунального хозяйства и благоустройства города Москвы","ГКУ «Мосзеленхоз»","(495) 621-88-68","37.694241,55.631962; 37.694820,55.631920; 37.694901,55.631989; 37.694950,55.632114; 37.695122,55.632195; 37.695232,55.632202; 37.695705,55.632057; 37.695862,55.632042; 37.696045,55.632057; 37.696232,55.632057; 37.696281,55.632015; 37.696548,55.631824; 37.696964,55.631828; 37.697395,55.631989; 37.697617,55.632069; 37.699387,55.632248; 37.700073,55.632359; 37.700348,55.632565; 37.700401,55.632713; 37.700356,55.633167; 37.700390,55.633385; 37.700603,55.633446; 37.700806,55.633392","89098818"
"10","Велосипедная дорожка между Шипиловским проездом и Каширским шоссе","Участок «Каширское шоссе, дом 78, строение 7 - Каширское шоссе, дом 78, строение 6»","велосипедная дорожка совмещенная с пешеходными, одностороннего движения","1.5","37.700314,55.632545","37.698036,55.632114","Шипиловский проезд - Каширское шоссе","Департамент жилищно-коммунального хозяйства и благоустройства города Москвы","ГКУ «Мосзеленхоз»","(495) 621-88-68","37.700314,55.632545; 37.698490,55.632538; 37.698219,55.632530; 37.698082,55.632446; 37.698048,55.632343; 37.698036,55.632114","89098819"
"11","Велосипедная дорожка между Шипиловским проездом и Каширским шоссе","Участок внутри парка","велосипедная дорожка совмещенная с пешеходными, одностороннего движения","1.5","37.696815,55.634689","37.696152,55.632072","Шипиловский проезд - Каширское шоссе","Департамент жилищно-коммунального хозяйства и благоустройства города Москвы","ГКУ «Мосзеленхоз»","(495) 621-88-68","37.696815,55.634689; 37.696762,55.634300; 37.696674,55.634186; 37.696461,55.634136; 37.696377,55.633907; 37.696224,55.632942; 37.696152,55.632072","89098820"
"12","Велосипедная дорожка в культурно-спортивном парковом комплексе «Останкино»",,"велосипедная дорожка совмещенная с пешеходными, одностороннего движения","1.5","37.606022,55.825443","37.609543,55.833469","Парк «Останкино»","Департамент жилищно-коммунального хозяйства и благоустройства города Москвы","ГКУ «Мосзеленхоз»","(495) 621-88-68","37.606022,55.825443; 37.605721,55.826504; 37.607224,55.827370; 37.608170,55.827732; 37.609413,55.827782; 37.611946,55.827324; 37.614605,55.827950; 37.614651,55.830505; 37.613621,55.830818; 37.612633,55.831299; 37.611000,55.832287; 37.609756,55.833202; 37.609756,55.833324; 37.609543,55.833469","89098821"
"13","Велосипедная дорожка «Царицыно, участок по Липецкой улице»",,"велосипедная дорожка совмещенная с пешеходными, одностороннего движения","1.5","37.673985,55.592365","37.673985,55.592365","Бирюлёвский дендропарк","Департамент природопользования и охраны окружающей среды города Москвы","ГКУ города Москвы «Дирекция ДПиООС»","(495) 531-20-08","37.673985,55.592365; 37.675720,55.592354; 37.676815,55.591587; 37.678448,55.591225; 37.680248,55.589344; 37.679668,55.588364; 37.675980,55.589027; 37.675034,55.590096; 37.674133,55.591721; 37.673985,55.592365","89098822"
"14","Велосипедная дорожка «Царицыно, участок вдоль Шипиловского проезда»","Участок 1 «Вдоль Шипиловского проезда»","велосипедная дорожка совмещенная с пешеходными, одностороннего движения","1.5","37.691708,55.614815","37.715755,55.597359","Шипиловский проезд - улица Баженова","Департамент природопользования и охраны окружающей среды города Москвы","ГКУ города Москвы «Дирекция ДПиООС»","(495) 531-20-08","37.691708,55.614815; 37.694241,55.612766; 37.695011,55.612827; 37.695312,55.611965; 37.696556,55.610233; 37.697048,55.609566; 37.697952,55.609032; 37.696190,55.607906; 37.696922,55.607349; 37.696278,55.606609; 37.695183,55.606075; 37.694645,55.605808; 37.696598,55.604366; 37.698296,55.603325; 37.700203,55.602634; 37.702667,55.601021; 37.702496,55.600536; 37.702538,55.599613; 37.703957,55.599152; 37.705544,55.598694; 37.708378,55.598694; 37.710178,55.598450; 37.712109,55.598137; 37.714169,55.597675; 37.715755,55.597359","89098823"
"15","Велосипедная дорожка «Царицыно, участок вдоль Шипиловского проезда»","Участок 2 «Вдоль Шипиловского проезда»","велосипедная дорожка совмещенная с пешеходными, одностороннего движения","1.5","37.711407,55.600426","37.708035,55.598728","Шипиловский проезд - улица Баженова","Департамент природопользования и охраны окружающей среды города Москвы","ГКУ города Москвы «Дирекция ДПиООС»","(495) 531-20-08","37.711407,55.600426; 37.709217,55.599335; 37.709087,55.599079; 37.708035,55.598728","89098824"
"16","Велосипедная дорожка в Природно-историческом парке «Покровское-Стрешнево»",,"велосипедная дорожка совмещенная с пешеходными, одностороннего движения","1.5","37.464752,55.822960","37.473206,55.824963","Природно-исторический парк «Покровское-Стрешнево»","Департамент природопользования и охраны окружающей среды города Москвы","ГКУ города Москвы «Дирекция ДПиООС»","(495) 531-20-08","37.464752,55.822960; 37.465740,55.823078; 37.466179,55.823086; 37.466480,55.823044; 37.466854,55.823044; 37.467091,55.823105; 37.467476,55.823387; 37.468174,55.823738; 37.468872,55.824020; 37.469570,55.824188; 37.470417,55.824612; 37.471081,55.824768; 37.472328,55.824852; 37.473206,55.824963; 37.472519,55.824142; 37.472050,55.822681; 37.472092,55.821285; 37.472263,55.820850; 37.472500,55.820644; 37.472458,55.819908; 37.472435,55.819332; 37.473293,55.818356; 37.474236,55.818909; 37.475544,55.819801; 37.476639,55.820286; 37.477047,55.820789; 37.479259,55.821804; 37.479794,55.822212; 37.480782,55.823792; 37.481663,55.825069; 37.482220,55.826214; 37.482712,55.826744; 37.481598,55.826408; 37.480888,55.826408; 37.474064,55.825348; 37.473358,55.825130; 37.473206,55.824963","89098825"
"17","Велосипедная дорожка в Ландшафтном заказнике «Теплый Стан»",,"велосипедная дорожка совмещенная с пешеходными, одностороннего движения","1.5","37.509254,55.637749","37.488644,55.640041","Ландшафтный заказник «Теплый Стан»","Департамент природопользования и охраны окружающей среды города Москвы","ГКУ города Москвы «Дирекция ДПиООС»","(495) 531-20-08","37.509254,55.637749; 37.507797,55.636559; 37.502819,55.638340; 37.499966,55.638268; 37.499386,55.638412; 37.497345,55.637939; 37.496876,55.638847; 37.495178,55.640690; 37.493935,55.641609; 37.492626,55.641972; 37.492325,55.642277; 37.491680,55.642666; 37.490887,55.643028; 37.489838,55.643063; 37.489128,55.640461; 37.488548,55.639771; 37.488056,55.639030; 37.487328,55.638557; 37.487175,55.638123; 37.487843,55.637650; 37.489216,55.636497; 37.489536,55.635967; 37.489388,55.635941; 37.487968,55.635773; 37.487133,55.635494; 37.486973,55.635563; 37.486618,55.636227; 37.486553,55.636894; 37.487152,55.637989; 37.486874,55.638084; 37.486103,55.638630; 37.484676,55.638874; 37.482208,55.639072; 37.481125,55.639343; 37.480534,55.639652; 37.480160,55.640125; 37.480118,55.640823; 37.480640,55.641300; 37.484493,55.640411; 37.486240,55.640133; 37.487328,55.640209; 37.488644,55.640041","89098826"
"18","Велосипедная дорожка в Парке «Лосиный Остров»",,"велосипедная дорожка совмещенная с пешеходными, одностороннего движения","1.5","37.819836,55.829987","37.715336,55.870255","Парк «Лосиный Остров»","Департамент природопользования и охраны окружающей среды города Москвы","ГКУ города Москвы «Дирекция ДПиООС»","(495) 531-20-08","37.819836,55.829987; 37.817345,55.829998; 37.816723,55.830952; 37.816315,55.831493; 37.811253,55.831158; 37.810608,55.832275; 37.798676,55.831348; 37.797688,55.835541; 37.779839,55.834625; 37.779022,55.843109; 37.762798,55.842289; 37.760826,55.851589; 37.725422,55.850361; 37.723919,55.865631; 37.730011,55.865826; 37.729198,55.870590; 37.715336,55.870255","89098827"
"19","Велосипедная дорожка в Парке «Сокольники»","Участок 1 «На круге»","велосипедная дорожка совмещенная с пешеходными, двухстороннего движения","3","37.677662,55.792709","37.677044,55.793762","Парк «Сокольники»","Департамент культуры города Москвы","ГКУ ОД «Мосгорпарк»","(495) 650-32-07","37.677662,55.792709; 37.677044,55.793762; 37.677532,55.793892; 37.677929,55.794079; 37.678192,55.794308; 37.678356,55.794621; 37.678356,55.794933; 37.678219,55.795189; 37.678001,55.795418; 37.677719,55.795574; 37.677578,55.795647; 37.677109,55.795773; 37.676876,55.795799; 37.676399,55.795830; 37.675934,55.795795; 37.675499,55.795704; 37.675121,55.795532; 37.674732,55.795246; 37.674553,55.794975; 37.674538,55.794651; 37.674698,55.794353; 37.675030,55.794071; 37.675472,55.793861; 37.676094,55.793720; 37.676609,55.793705; 37.677044,55.793762","89098828"
"20","Велосипедная дорожка в Парке «Сокольники»","Участок «1 лучевой просек»","велосипедная дорожка совмещенная с пешеходными, двухстороннего движения","3","37.674603,55.794937","37.657085,55.797470","Парк «Сокольники»","Департамент культуры города Москвы","ГКУ ОД «Мосгорпарк»","(495) 650-32-07","37.674603,55.794937; 37.657085,55.797470","89098829"
"21","Велосипедная дорожка в Парке «Сокольники»","Участок «3 лучевой просек»","велосипедная дорожка совмещенная с пешеходными, двухстороннего движения","3","37.670609,55.798965","37.675289,55.795635","Парк «Сокольники»","Департамент культуры города Москвы","ГКУ ОД «Мосгорпарк»","(495) 650-32-07","37.670609,55.798965; 37.675289,55.795635","89098830"
"22","Велосипедная дорожка в Парке «Сокольники»","Участок «9 лучевой просек»","велосипедная дорожка совмещенная с пешеходными, двухстороннего движения","3","37.681469,55.807117","37.676876,55.795780","Парк «Сокольники»","Департамент культуры города Москвы","ГКУ ОД «Мосгорпарк»","(495) 650-32-07","37.681469,55.807117; 37.676876,55.795780","89098831"
"23","Велосипедная дорожка в Парке «Сокольники»","Участок «Митьковский проезд»","велосипедная дорожка совмещенная с пешеходными, двухстороннего движения","3","37.685802,55.799496","37.664948,55.791489","Парк «Сокольники»","Департамент культуры города Москвы","ГКУ ОД «Мосгорпарк»","(495) 650-32-07","37.685802,55.799496; 37.684689,55.800076; 37.682968,55.800121; 37.681984,55.800171; 37.678635,55.800220; 37.677219,55.800243; 37.671040,55.799110; 37.670609,55.798965; 37.668507,55.797638; 37.664948,55.791489","89098832"
"24","Велосипедная дорожка в Парке «Фили»",,"велосипедная дорожка совмещенная с пешеходными, двухстороннего движения","3","37.476635,55.746525","37.434364,55.749336","Парк «Фили»","Департамент культуры города Москвы","ГКУ ОД «Мосгорпарк»","(495) 650-32-07","37.476635,55.746525; 37.476143,55.747395; 37.475479,55.748783; 37.473846,55.747261; 37.472733,55.746319; 37.471527,55.745594; 37.469513,55.744495; 37.467087,55.743263; 37.465050,55.742260; 37.462730,55.741558; 37.458462,55.740543; 37.456100,55.740086; 37.453827,55.740025; 37.451767,55.740025; 37.449986,55.740376; 37.446938,55.741123; 37.444557,55.741898; 37.442326,55.742817; 37.441147,55.743481; 37.439064,55.744675; 37.436531,55.746029; 37.435093,55.746910; 37.434341,55.747791; 37.434364,55.748516; 37.434364,55.749336","89098833"
"25","Велосипедная дорожка в Парке «Музеон»",,"велосипедная дорожка двухстороннего движения","3","37.610798,55.739021","37.600445,55.733685","Парк «Музеон»","Департамент культуры города Москвы","ГКУ ОД «Мосгорпарк»","(495) 650-32-07","37.610798,55.739021; 37.610458,55.738800; 37.609905,55.738602; 37.609386,55.738453; 37.608650,55.738197; 37.607590,55.737675; 37.606575,55.737072; 37.604576,55.735931; 37.602840,55.735004; 37.601597,55.734375; 37.601025,55.734013; 37.600578,55.733746; 37.600445,55.733685","89098834"
"26","Велосипедная дорожка в Парке «Лианозовский»",,"велосипедная дорожка совмещенная с пешеходными, одностороннего движения","1.5","37.588783,55.812801","37.588627,55.812786","Парк «Лианозовский»","Департамент культуры города Москвы","ГКУ ОД «Мосгорпарк»","(495) 650-32-07","37.588783,55.812801; 37.588608,55.813347; 37.588436,55.813328; 37.588627,55.812786","89098835"
"27","Велосипедная дорожка в Парке «Северное Тушино»","Участок 1 в Парке «Северное Тушино»","велосипедная дорожка совмещенная с пешеходными, одностороннего движения","1.5","37.435345,55.874847","37.452168,55.864475","Парк «Северное Тушино»","Департамент культуры города Москвы","ГКУ ОД «Мосгорпарк»","(495) 650-32-07","37.435345,55.874847; 37.435516,55.874741; 37.435730,55.874744; 37.436020,55.874767; 37.436203,55.874744; 37.436363,55.874783; 37.436523,55.874920; 37.436825,55.875023; 37.437546,55.875244; 37.437778,55.875324; 37.438210,55.875484; 37.438446,55.875542; 37.438843,55.875637; 37.439186,55.875679; 37.439346,55.875736; 37.439613,55.875629; 37.439892,55.875484; 37.439785,55.875347; 37.439465,55.875202; 37.439003,55.874901; 37.438801,55.874817; 37.438477,55.874565; 37.438168,55.874420; 37.438080,55.874168; 37.438210,55.874180; 37.438583,55.874271; 37.439003,55.874409; 37.439430,55.874668; 37.439819,55.874805; 37.440109,55.874840; 37.440323,55.874798; 37.440796,55.874641; 37.441051,55.874493; 37.441383,55.874214; 37.441921,55.873913; 37.442661,55.873577; 37.442863,55.873463; 37.442951,55.873264; 37.442928,55.873013; 37.442631,55.872746; 37.442406,55.872608; 37.442348,55.872505; 37.442802,55.872349; 37.443550,55.872601; 37.444077,55.872753; 37.444229,55.872887; 37.444473,55.872860; 37.444828,55.872734; 37.444969,55.872627; 37.445076,55.872555; 37.445023,55.872475; 37.444805,55.872360; 37.444218,55.872200; 37.443863,55.872005; 37.443821,55.871929; 37.444229,55.871944; 37.444786,55.871964; 37.445614,55.872078; 37.445988,55.872105; 37.446308,55.871975; 37.446609,55.871716; 37.446953,55.871544; 37.447285,55.871304; 37.447479,55.871204; 37.447414,55.871017; 37.447330,55.870522; 37.447521,55.870434; 37.447876,55.870441; 37.448219,55.870487; 37.448616,55.870464; 37.448811,55.870403; 37.449219,55.870171; 37.449516,55.870014; 37.449871,55.869789; 37.450066,55.869453; 37.450298,55.869045; 37.450600,55.868828; 37.450901,55.868732; 37.451256,55.868694; 37.451588,55.868851; 37.451942,55.868912; 37.452328,55.868950; 37.452648,55.868950; 37.452950,55.868774; 37.453003,55.868507; 37.452831,55.868065; 37.452309,55.867470; 37.452263,55.867142; 37.452316,55.866642; 37.452328,55.866455; 37.452168,55.864475","89098836"
"28","Велосипедная дорожка в Парке «Северное Тушино»","Участок 2 в Парке «Северное Тушино»","велосипедная дорожка совмещенная с пешеходными, одностороннего движения","1.5","37.447102,55.867058","37.451019,55.864571","Парк «Северное Тушино»","Департамент культуры города Москвы","ГКУ ОД «Мосгорпарк»","(495) 650-32-07","37.447102,55.867058; 37.449131,55.867210; 37.449593,55.867226; 37.449966,55.867191; 37.450481,55.867077; 37.451115,55.866661; 37.451416,55.866524; 37.451717,55.866425; 37.451996,55.866234; 37.451931,55.865902; 37.451557,55.865353; 37.451244,55.864902; 37.451019,55.864571","89098837"
"29","Велосипедная дорожка от улицы Крылатские Холмы, дом 36, корпус 3 до Осенней улицы, дом 30",,"велосипедная дорожка совмещенная с пешеходными, одностороннего движения","1.5","37.410484,55.765926","37.410099,55.768871","улица Крылатские Холмы, дом 36, корпус 3 - Осенняя улица, дом 30","Департамент жилищно-коммунального хозяйства и благоустройства города Москвы","ГУ «ИС района Крылатское»","(495) 413-26-15","37.410484,55.765926; 37.410702,55.766373; 37.410400,55.766678; 37.410378,55.767086; 37.410530,55.767315; 37.410294,55.767570; 37.410252,55.768063; 37.410378,55.768280; 37.410206,55.768559; 37.410229,55.768837; 37.411217,55.768944; 37.412094,55.768597; 37.413769,55.768703; 37.415852,55.770092; 37.416302,55.770672; 37.416214,55.770901; 37.411839,55.769970; 37.411324,55.769970; 37.408424,55.769802; 37.408192,55.769405; 37.406773,55.769306; 37.406647,55.770008; 37.405937,55.769913; 37.405334,55.769947; 37.405464,55.769478; 37.405487,55.769032; 37.405571,55.768497; 37.405506,55.768246; 37.407139,55.768402; 37.408424,55.768463; 37.408875,55.768742; 37.409561,55.768871; 37.410099,55.768871","89098838"
"30","Велосипедная дорожка «МГУ - проспект Вернадского»","Участок «Мичуринский проспект - проспект Вернадского»","велосипедная дорожка совмещенная с пешеходными, одностороннего движения; велосипедная полоса попутного движения","1.5","37.527084,55.699673","37.511913,55.706623","Мичуринский проспект - проспект Вернадского (по хозяйственному проезду территории МГУ, с ответвлением для велопарковки у главного корпуса МГУ)","Департамент жилищно-коммунального хозяйства и благоустройства города Москвы","ГКУ «Мосзеленхоз»","(495) 621-88-68","37.527084,55.699673; 37.530300,55.701447; 37.539421,55.696236; 37.536655,55.694195; 37.532619,55.696598; 37.530926,55.697556; 37.529015,55.698559; 37.521160,55.703094; 37.515263,55.706551; 37.514317,55.706005; 37.513371,55.706501; 37.512684,55.706043; 37.511913,55.706623","89098839"
"31","Велосипедная дорожка «МГУ - проспект Вернадского»","Участок «проспект Вернадского - улица Кравченко»","велосипедная дорожка совмещенная с пешеходными, двухстороннего движения","1.5","37.512348,55.679131","37.536602,55.694221","проспект Вернадского - улица Кравченко","Департамент жилищно-коммунального хозяйства и благоустройства города Москвы","ГКУ «Кольцевые магистрали»","(499) 127-27-01","37.512348,55.679131; 37.512051,55.679291; 37.511471,55.679379; 37.510910,55.679691; 37.511532,55.680149; 37.535049,55.693218; 37.535210,55.693439; 37.535908,55.693733; 37.536270,55.693554; 37.536964,55.694042; 37.536602,55.694221","89098840"
"32","Велосипедная дорожка в Парке «60-летия Октября»",,"велосипедная дорожка совмещенная с пешеходными, одностороннего движения","1.5","37.405163,55.657524","37.399261,55.655994","улица Богданова, дом 2/1 - улица Богданова, дом 10/2","Департамент жилищно-коммунального хозяйства и благоустройства города Москвы","ГКУ «Дирекция ЖКХиБ ЗАО»","(499) 792-65-06","37.405163,55.657524; 37.404831,55.657654; 37.404499,55.657700; 37.402374,55.657295; 37.401379,55.657047; 37.399628,55.656715; 37.399143,55.656616; 37.399094,55.656399; 37.399124,55.656204; 37.399261,55.655994","89098841"
"33","Велосипедная дорожка в Парке «Никулино»",,"велосипедная дорожка двухстороннего движения","1.5","37.478249,55.655281","37.477177,55.652615","Парк «Никулино»","Департамент жилищно-коммунального хозяйства и благоустройства города Москвы","ГКУ «Мосзеленхоз»","(495) 621-88-68","37.478249,55.655281; 37.478035,55.654263; 37.477947,55.653973; 37.477306,55.653706; 37.477177,55.653271; 37.477177,55.652943; 37.477669,55.652336; 37.477692,55.652000; 37.477715,55.650776; 37.478550,55.650459; 37.479385,55.650196; 37.479408,55.649952; 37.479279,55.649673; 37.478958,55.649517; 37.478142,55.649494; 37.477585,55.649662; 37.477432,55.649879; 37.477478,55.650726; 37.477478,55.651489; 37.477478,55.651817; 37.477367,55.652351; 37.477177,55.652615","89098842"
"34","Велосипедная дорожка «Джамгаровский парк»",,"велосипедная дорожка совмещенная с пешеходными, одностороннего движения","1.5","37.701195,55.889282","37.694714,55.887371","Джамгаровский парк","Департамент жилищно-коммунального хозяйства и благоустройства города Москвы","ГКУ «Мосзеленхоз»","(495) 621-88-68","37.701195,55.889282; 37.700974,55.887225; 37.699390,55.887249; 37.699585,55.888515; 37.698597,55.888538; 37.698467,55.887299; 37.696346,55.887348; 37.694714,55.887371","89098843"
"35","Велосипедная дорожка в Парке в пойме реки Городни","Участок 1 «В пойме реки Городни к востоку от проектируемого проезда № 5396»","велосипедная дорожка двухстороннего движения","1.5","37.772293,55.630775","37.752777,55.630184","Братеевская улица, дом 18, корпус 5 - Наташинский проезд, дом 6А","Департамент жилищно-коммунального хозяйства и благоустройства города Москвы","ГКУ «Мосзеленхоз»","(495) 621-88-68","37.772293,55.630775; 37.772068,55.630730; 37.771736,55.630833; 37.771126,55.630920; 37.770782,55.630898; 37.769817,55.630619; 37.769547,55.630592; 37.769363,55.630619; 37.768959,55.630714; 37.768505,55.630627; 37.768036,55.630558; 37.767509,55.630505; 37.767368,55.630489; 37.767284,55.630592; 37.767078,55.630692; 37.765751,55.630489; 37.764988,55.630177; 37.764816,55.629784; 37.764786,55.629498; 37.764729,55.629292; 37.764603,55.629257; 37.764473,55.629292; 37.763988,55.629444; 37.763668,55.629456; 37.763088,55.629353; 37.762821,55.629280; 37.762432,55.629074; 37.762005,55.628983; 37.761749,55.628922; 37.761353,55.628704; 37.760933,55.628613; 37.760773,55.628559; 37.760612,55.628403; 37.760502,55.628262; 37.760033,55.628128; 37.759827,55.628113; 37.759785,55.628197; 37.759750,55.628483; 37.759441,55.628899; 37.759117,55.629055; 37.758850,55.629280; 37.758583,55.629425; 37.757896,55.629745; 37.757446,55.630146; 37.757057,55.630272; 37.756737,55.630329; 37.756393,55.630329; 37.756027,55.630394; 37.755825,55.630421; 37.755535,55.630341; 37.755116,55.630085; 37.754883,55.629940; 37.754440,55.629776; 37.754055,55.629890; 37.753799,55.629963; 37.752777,55.630184","89098844"
"36","Велосипедная дорожка в Парке в пойме реки Городни","Участок 2 «В пойме реки Городни к западу от проектируемого проезда № 5396»","велосипедная дорожка двухстороннего движения","1.5","37.749905,55.631435","37.729034,55.635193","Братеевская улица, дом 18, корпус 5 - Наташинский проезд, дом 6А","Департамент жилищно-коммунального хозяйства и благоустройства города Москвы","ГКУ «Мосзеленхоз»","(495) 621-88-68","37.749905,55.631435; 37.749485,55.631527; 37.748863,55.631653; 37.748432,55.631783; 37.748005,55.631939; 37.747574,55.631958; 37.747253,55.631947; 37.746780,55.631958; 37.746372,55.631920; 37.746017,55.631870; 37.745407,55.631844; 37.744938,55.631817; 37.744507,55.631805; 37.743305,55.631775; 37.741974,55.631653; 37.740925,55.631802; 37.740536,55.631855; 37.739594,55.632339; 37.739098,55.632401; 37.737877,55.632332; 37.737350,55.632278; 37.736061,55.632145; 37.735161,55.632019; 37.734882,55.631927; 37.734421,55.631844; 37.734184,55.631889; 37.733841,55.632103; 37.733841,55.632599; 37.733711,55.632877; 37.733219,55.633209; 37.732674,55.633556; 37.731815,55.633945; 37.731514,55.634483; 37.731201,55.634792; 37.730934,55.635017; 37.730614,55.635166; 37.730194,55.635197; 37.729034,55.635193","89098845"
"37","Велосипедная дорожка «микрорайон Северное Чертаново»",,"велосипедная дорожка совмещенная с пешеходными, двухстороннего движения","1.5","37.606911,55.640350","37.585903,55.632042","микрорайон Северное Чертаново","Департамент жилищно-коммунального хозяйства и благоустройства города Москвы","ГКУ «ДЗ ЖКХиБ ЮАО»","(495) 343-21-22","37.606911,55.640350; 37.608540,55.639900; 37.609203,55.639465; 37.610470,55.638195; 37.611095,55.637177; 37.611759,55.636147; 37.611671,55.635784; 37.612274,55.635204; 37.612015,55.634708; 37.612530,55.634308; 37.613068,55.633991; 37.612831,55.633495; 37.613583,55.632854; 37.613583,55.632565; 37.610706,55.626591; 37.609226,55.623489; 37.608475,55.623245; 37.596737,55.625065; 37.595753,55.625221; 37.595646,55.625099; 37.592339,55.625595; 37.591461,55.625851; 37.590816,55.626274; 37.590302,55.626629; 37.590088,55.626907; 37.589977,55.627644; 37.590366,55.628613; 37.591438,55.630165; 37.592190,55.631329; 37.592403,55.631664; 37.593113,55.632126; 37.594250,55.632610; 37.595127,55.633106; 37.595985,55.633411; 37.596588,55.633579; 37.597469,55.633762; 37.598755,55.633930; 37.603306,55.634487; 37.604206,55.636124; 37.604336,55.637466; 37.602703,55.637699; 37.602211,55.639053; 37.601826,55.639442; 37.600685,55.639805; 37.599400,55.640167; 37.598392,55.640388; 37.597080,55.640518; 37.595345,55.640640; 37.594379,55.640594; 37.593540,55.640434; 37.592682,55.640194; 37.591351,55.639793; 37.590816,55.639526; 37.590023,55.638897; 37.589699,55.637817; 37.589184,55.636402; 37.588734,55.635204; 37.588093,55.633350; 37.587811,55.632225; 37.585903,55.632042","89098846"
"38","Велосипедная дорожка в парковой зоне на улице Шкулёва",,"велосипедная дорожка совмещенная с пешеходными, одностороннего движения","1.5","37.747574,55.691936","37.747574,55.691936","Парковая зона, улица Шкулёва","Департамент жилищно-коммунального хозяйства и благоустройства города Москвы","ГУП «ДЕЗ ЮВАО»","(495) 378-08-02","37.747574,55.691936; 37.747875,55.691708; 37.748154,55.691605; 37.748928,55.691017; 37.749969,55.690758; 37.750847,55.690491; 37.752243,55.690044; 37.753208,55.689655; 37.753765,55.689354; 37.753143,55.689484; 37.752777,55.689571; 37.752327,55.689651; 37.751781,55.689800; 37.751362,55.689934; 37.750729,55.690002; 37.750042,55.690189; 37.749344,55.690296; 37.748402,55.690395; 37.747715,55.690456; 37.746941,55.690475; 37.746117,55.690571; 37.744194,55.690468; 37.742630,55.690357; 37.741920,55.690468; 37.741020,55.690819; 37.739948,55.691254; 37.738747,55.691727; 37.737717,55.691883; 37.735527,55.692101; 37.736019,55.692547; 37.736900,55.692619; 37.737324,55.692661; 37.738445,55.692760; 37.739136,55.692833; 37.739899,55.692814; 37.740040,55.692799; 37.740932,55.692879; 37.742355,55.692963; 37.743275,55.693039; 37.743767,55.693050; 37.744419,55.693008; 37.744720,55.692924; 37.746212,55.691544; 37.746857,55.691616; 37.747105,55.691708; 37.747295,55.691814; 37.747562,55.691936; 37.747574,55.691936","89098847"
"39","Велосипедная дорожка в зоне отдыха в квартале 10С (улица Шверника, между домами 9 и 13)",,"велосипедная дорожка совмещенная с пешеходными, одностороннего движения","1.5","37.587791,55.694798","37.587791,55.694798","Зона отдыха в квартале 10С (улица Шверника, между домами 9 и 13)","Департамент жилищно-коммунального хозяйства и благоустройства города Москвы","ГБУ «ДЗ ЖКХиБ ЮЗАО»","(495) 122-01-01","37.587791,55.694798; 37.587917,55.694416; 37.587296,55.693703; 37.589272,55.693081; 37.589390,55.693138; 37.591030,55.692688; 37.591190,55.692928; 37.591297,55.693012; 37.591183,55.693134; 37.590717,55.693188; 37.590591,55.693310; 37.590603,55.693443; 37.590752,55.693462; 37.591225,55.693344; 37.591461,55.693329; 37.591911,55.693623; 37.591705,55.693630; 37.591225,55.693733; 37.590420,55.694012; 37.589958,55.694149; 37.589184,55.694374; 37.588734,55.694469; 37.588490,55.694633; 37.588272,55.694717; 37.587822,55.694778; 37.587791,55.694798","89098848"
"40","Велосипедная дорожка в сквере на улице Каховка между домами 9 и 13","Участок «Западная часть сквера и участок вокруг пруда»","велосипедная дорожка совмещенная с пешеходными, одностороннего движения","1.5","37.584122,55.651962","37.586708,55.647076","Сквер на улице Каховка между дом 9 и 13","Департамент жилищно-коммунального хозяйства и благоустройства города Москвы","ГБУ «ДЗ ЖКХиБ ЮЗАО»","(495) 122-01-01","37.584122,55.651962; 37.584412,55.651146; 37.584412,55.651005; 37.585140,55.649288; 37.585323,55.648823; 37.585323,55.648506; 37.585602,55.647869; 37.585739,55.647060; 37.586708,55.647083; 37.586880,55.646961; 37.587063,55.646805; 37.588585,55.646725; 37.588692,55.646816; 37.588531,55.647545; 37.588360,55.647984; 37.588230,55.648041; 37.587692,55.647984; 37.586815,55.647137; 37.586727,55.647076; 37.586708,55.647083; 37.586708,55.647076; 37.586708,55.647076; 37.586708,55.647076; 37.586708,55.647076; 37.586708,55.647076","89098849"
"41","Велосипедная дорожка в сквере на улице Каховка между домами 9 и 13","Участок «Восточная часть сквера»","велосипедная дорожка совмещенная с пешеходными, одностороннего движения","1.5","37.588242,55.648075","37.584122,55.651962","Сквер на улице Каховка между дом 9 и 13","Департамент жилищно-коммунального хозяйства и благоустройства города Москвы","ГБУ «ДЗ ЖКХиБ ЮЗАО»","(495) 122-01-01","37.588242,55.648075; 37.587875,55.648308; 37.587242,55.648495; 37.586815,55.648735; 37.585987,55.649406; 37.585796,55.649887; 37.585690,55.650249; 37.585808,55.650517; 37.586193,55.650696; 37.586502,55.650806; 37.586739,55.650974; 37.586632,55.651283; 37.586514,55.651459; 37.586384,55.651520; 37.586075,55.651562; 37.585056,55.651733; 37.584679,55.651794; 37.584251,55.651932; 37.584122,55.651962","89098850"
"42","Велосипедная дорожка в Парке «Качалово»",,"велосипедная дорожка совмещенная с пешеходными, одностороннего движения","1.5","37.578285,55.571758","37.578285,55.571758","Парк «Качалово»","Департамент жилищно-коммунального хозяйства и благоустройства города Москвы","ГБУ «ДЗ ЖКХиБ ЮЗАО»","(495) 122-01-01","37.578285,55.571758; 37.579510,55.573360; 37.581524,55.572922; 37.582222,55.572880; 37.582726,55.572819; 37.583584,55.572872; 37.584358,55.573078; 37.585205,55.573208; 37.585739,55.573189; 37.586235,55.573128; 37.586430,55.573097; 37.586609,55.573082; 37.586815,55.573063; 37.587940,55.572826; 37.589474,55.572498; 37.590870,55.572132; 37.590954,55.572075; 37.590977,55.571926; 37.590847,55.571892; 37.590473,55.571800; 37.590199,55.571766; 37.590286,55.571728; 37.590603,55.571671; 37.591068,55.571545; 37.591293,55.571434; 37.591507,55.571320; 37.592148,55.571270; 37.592613,55.571148; 37.592770,55.570915; 37.592731,55.570614; 37.592564,55.570396; 37.592400,55.570221; 37.592125,55.570137; 37.591877,55.570107; 37.591251,55.570419; 37.591053,55.570621; 37.590576,55.570805; 37.589825,55.571049; 37.589130,55.571201; 37.586761,55.571587; 37.586365,55.571735; 37.586033,55.572708; 37.585571,55.572510; 37.584476,55.572243; 37.583736,55.571987; 37.583401,55.571926; 37.582920,55.571972; 37.582287,55.571957; 37.581684,55.572025; 37.581215,55.571987; 37.580433,55.571922; 37.580013,55.571896; 37.579605,55.571880; 37.579262,55.571690; 37.578949,55.571182; 37.578167,55.571339; 37.578262,55.571747; 37.578285,55.571758","89098851"
"43","Велосипедная дорожка на Дмитровском шоссе",,"велосипедная дорожка совмещенная с пешеходными, одностороннего движения","1.5","37.543159,55.925198","37.544125,55.926842","Дмитровское шоссе, дом 165Е, корпус 6","Департамент жилищно-коммунального хозяйства и благоустройства города Москвы","ГКУ «ИС района Северный»","(495) 411-67-27","37.543159,55.925198; 37.544125,55.926842","89098852"
"44","Велосипедная дорожка в Парковой зоне долины реки Яузы от Широкой улицы до Метромоста",,"велосипедная дорожка совмещенная с пешеходными, одностороннего движения","1.5","37.656475,55.876671","37.654804,55.876766","Пойма реки Яузы от Широкой улицы до Метромоста","Департамент жилищно-коммунального хозяйства и благоустройства города Москвы","ГКУ «ДЗ ЖКХиБ СВАО»","(499) 750-05-00","37.656475,55.876671; 37.656647,55.877430; 37.656647,55.877838; 37.656433,55.878922; 37.656456,55.879105; 37.657036,55.880138; 37.657616,55.880547; 37.657894,55.881836; 37.656990,55.880966; 37.656906,55.880535; 37.656391,55.879887; 37.656155,55.879715; 37.656219,55.879257; 37.655746,55.878792; 37.655361,55.878262; 37.654804,55.876766","89098853"
"45","Велосипедная дорожка в Парковой зоне долины реки Яузы вдоль Северодвинской улицы",,"велосипедная дорожка совмещенная с пешеходными, одностороннего движения","1.5","37.682148,55.891655","37.682148,55.891655","Пойма реки Яузы вдоль Северодвинской улицы","Департамент жилищно-коммунального хозяйства и благоустройства города Москвы","ГКУ «ДЗ ЖКХиБ СВАО»","(499) 750-05-00","37.682148,55.891655; 37.681839,55.891563; 37.681602,55.891403; 37.681389,55.891029; 37.680691,55.890312; 37.680531,55.890095; 37.680229,55.888172; 37.680099,55.887890; 37.679981,55.887703; 37.680122,55.887550; 37.680313,55.887505; 37.680443,55.887508; 37.680668,55.887550; 37.680840,55.887707; 37.680702,55.887966; 37.680592,55.888165; 37.680756,55.889030; 37.681023,55.889706; 37.681892,55.889977; 37.682171,55.890072; 37.682373,55.890205; 37.682709,55.890728; 37.682846,55.890934; 37.683060,55.891144; 37.683006,55.891415; 37.682964,55.891541; 37.682419,55.891663; 37.682182,55.891663; 37.682148,55.891655","89098854"
"46","Велосипедная дорожка в Парковой зоне от проезда Дежнёва до Широкой улицы","Участок «Олонецкий проезд - пойма реки Яуза»","велосипедная дорожка совмещенная с пешеходными, одностороннего движения","1.5","37.662292,55.881866","37.664478,55.879642","Парковая зона от проезда Дежнёва до Широкой улицы","Департамент жилищно-коммунального хозяйства и благоустройства города Москвы","ГКУ «ДЗ ЖКХиБ СВАО»","(499) 750-05-00","37.662292,55.881866; 37.662601,55.881611; 37.663052,55.881191; 37.663559,55.880585; 37.664276,55.879742; 37.664478,55.879642","89098855"
"47","Велосипедная дорожка в Парковой зоне от проезда Дежнёва до Широкой улицы","Участок «Парк по Олонецкому проезду»","велосипедная дорожка совмещенная с пешеходными, одностороннего движения","1.5","37.659233,55.873119","37.659267,55.874725","Парковая зона от проезда Дежнёва до Широкой улицы","Департамент жилищно-коммунального хозяйства и благоустройства города Москвы","ГКУ «ДЗ ЖКХиБ СВАО»","(499) 750-05-00","37.659233,55.873119; 37.659103,55.873241; 37.659019,55.873638; 37.659210,55.874004; 37.659267,55.874241; 37.659267,55.874725; 37.659683,55.875553; 37.659794,55.876087; 37.660511,55.877190; 37.660641,55.877514; 37.660706,55.877823; 37.661026,55.878391; 37.662109,55.878372; 37.662346,55.878284; 37.662453,55.878597; 37.662594,55.878723; 37.663269,55.879147; 37.663857,55.879307; 37.663795,55.879482; 37.663677,55.879650; 37.663494,55.879837; 37.663216,55.880138; 37.662796,55.880486; 37.662323,55.881149; 37.662186,55.881298; 37.662109,55.881340; 37.661938,55.881348; 37.661755,55.881317; 37.661678,55.881245; 37.661724,55.881077; 37.661766,55.880924; 37.661499,55.880745; 37.661144,55.880901; 37.660755,55.881046; 37.660435,55.881126; 37.660252,55.881138; 37.659103,55.880787; 37.658665,55.880596; 37.658363,55.880398; 37.657925,55.880089; 37.657677,55.879715; 37.657486,55.879246; 37.657516,55.876659; 37.657581,55.876316; 37.657593,55.876064; 37.657665,55.875568; 37.657742,55.875263; 37.657722,55.875065; 37.658012,55.874943; 37.658794,55.874783; 37.659233,55.874741; 37.659267,55.874725","89098856"
"48","Велосипедная дорожка «Пешеходная зона по Кременчугской улице»",,"велосипедная дорожка совмещенная с пешеходными, одностороннего движения","1.5","37.462215,55.720123","37.461018,55.725426","Пешеходная зона по Кременчугской улице","Департамент жилищно-коммунального хозяйства и благоустройства города Москвы","ГКУ «Дирекция ЖКХиБ ЗАО»","(499) 792-65-06","37.462215,55.720123; 37.461018,55.725426","89098857"
"49","Велосипедная дорожка вдоль набережной реки Москва от Парка «Фили» до Крылатского района",,"велосипедная дорожка совмещенная с пешеходными, одностороннего движения","1.5","37.475502,55.742054","37.475502,55.742054","Набережная реки Москвы от Парка «Фили» до Крылатского района","Департамент культуры города Москвы","ГАУК города Москвы «ПКиО Фили»","(499) 145-45-05","37.475502,55.742054; 37.480824,55.743504; 37.485352,55.74488099999999; 37.487175,55.746731; 37.487541,55.746765; 37.488098,55.747032; 37.490479,55.74925200000001; 37.491661,55.750412; 37.491596,55.750908; 37.490993,55.751404; 37.491467,55.75267; 37.479794,55.75243; 37.479816,55.751621; 37.4799,55.751305; 37.480396,55.751064; 37.480415,55.750668; 37.47958,55.75002700000001; 37.478806,55.749519; 37.477928,55.748772; 37.477543,55.74819200000001; 37.477604,55.74721100000001; 37.4772,55.74688700000001; 37.476318,55.746319; 37.475544,55.74548300000001; 37.475353,55.744518; 37.475117,55.743515; 37.475502,55.742054","89098858"